-- =====================================================
-- 商品服务 - 初始化数据
-- =====================================================

USE product_db;

-- =====================================================
-- 插入商品分类数据
-- =====================================================
INSERT INTO categories (id, name, parent_id, level, sort, status) 
VALUES 
(1, '数码电器', NULL, 1, 1, 1),
(2, '服装鞋帽', NULL, 1, 2, 1),
(3, '家居生活', NULL, 1, 3, 1),
(4, '手机', 1, 2, 1, 1),
(5, '电脑', 1, 2, 2, 1),
(6, '男装', 2, 2, 1, 1),
(7, '女装', 2, 2, 2, 1);

-- =====================================================
-- 插入商品数据
-- =====================================================
INSERT INTO products (id, store_id, category_id, name, description, price, stock, sales, status, is_seckill) 
VALUES 
(1, 1, 4, 'iPhone 15 Pro', '苹果公司最新旗舰手机', 8999.00, 100, 500, 1, 0),
(2, 1, 5, 'MacBook Pro 14', '专业级笔记本电脑', 14999.00, 50, 200, 1, 0),
(3, 1, 6, '商务休闲衬衫', '高品质棉质衬衫', 299.00, 500, 1000, 1, 0),
(4, 1, 7, '连衣裙', '夏季新款连衣裙', 399.00, 300, 800, 1, 1);

-- =====================================================
-- 插入商品图片数据
-- =====================================================
INSERT INTO product_images (product_id, image_url, sort, is_main) 
VALUES 
(1, '/images/products/iphone15pro_1.jpg', 1, 1),
(1, '/images/products/iphone15pro_2.jpg', 2, 0),
(2, '/images/products/macbookpro_1.jpg', 1, 1),
(3, '/images/products/shirt_1.jpg', 1, 1),
(4, '/images/products/dress_1.jpg', 1, 1);

-- =====================================================
-- 插入秒杀活动数据
-- =====================================================
INSERT INTO seckill_activities (name, start_time, end_time, status) 
VALUES 
('双 11 秒杀', '2026-11-11 00:00:00', '2026-11-11 23:59:59', 0),
('周末特惠', '2026-03-22 00:00:00', '2026-03-24 23:59:59', 0);

-- =====================================================
-- 插入秒杀商品数据
-- =====================================================
INSERT INTO seckill_products (activity_id, product_id, seckill_price, stock, sold, status) 
VALUES 
(1, 4, 199.00, 50, 0, 1),
(2, 3, 199.00, 100, 0, 1);

-- =====================================================
-- 插入商品规格数据
-- =====================================================
INSERT INTO product_skus (product_id, sku_name, price, stock, sales) 
VALUES 
(1, '黑色 256GB', 8999.00, 50, 200),
(1, '白色 256GB', 8999.00, 50, 150),
(1, '黑色 512GB', 10999.00, 30, 100),
(2, '深空灰 512GB', 14999.00, 30, 120),
(2, '银色 512GB', 14999.00, 20, 80);

-- =====================================================
-- 插入商品属性数据
-- =====================================================
INSERT INTO product_attributes (product_id, attribute_name) 
VALUES 
(1, '颜色'),
(1, '存储容量'),
(2, '颜色'),
(2, '存储容量');

-- =====================================================
-- 插入商品属性值数据
-- =====================================================
INSERT INTO product_attribute_values (attribute_id, value_name) 
VALUES 
(1, '黑色'),
(1, '白色'),
(2, '256GB'),
(2, '512GB'),
(3, '深空灰'),
(3, '银色'),
(4, '512GB');

-- =====================================================
-- 插入商品规格属性关联数据
-- =====================================================
INSERT INTO product_sku_attributes (sku_id, attribute_value_id) 
VALUES 
(1, 1), (1, 3),  -- 黑色 256GB
(2, 2), (2, 3),  -- 白色 256GB
(3, 1), (3, 4);  -- 黑色 512GB

SELECT 'Product service init data inserted successfully!' AS result;
